min,line,coderate,p2p,platform,isp,value,cnt
1591227180,3,500,0,pc_exe,移动,0,12
1591227180,3,500,1,webh5,电信,0,269
1591227180,3,500,1,ios,海外,1,5
1591227180,3,2000,0,adr,电信,0,9
1591227180,5,0,0,adr_tv,移动,4,13
1591227180,3,4000,0,adr_tv,联通,0,3
1591227180,5,2000,1,ipad,移动,0,9
1591227180,5,2000,0,adr,移动,0,15
1591227180,3,2000,1,ipad,海外,0,3
1591227180,5,500,1,adr,联通,0,48
1591227180,3,2000,0,pc_exe,小运营商,0,6
1591227180,3,2000,0,pc_exe,电信,0,25
1591227180,3,4000,0,webh5,移动,0,2
1591227180,5,4000,1,pc_exe,移动,0,8
1591227180,3,2000,0,pc_exe,联通,0,27
1591227180,3,4000,0,ios,移动,0,3
1591227180,3,500,1,ios,电信,4,120
1591227180,3,2000,0,ipad,电信,0,4
1591227180,3,500,0,webh5,联通,0,2
1591227180,5,2000,1,ios,电信,1,74
1591227180,3,0,0,adr_tv,电信,7,164
1591227180,3,2000,0,ios,小运营商,0,5
1591227180,5,4000,1,ios,联通,1,48
1591227180,3,500,0,webh5,小运营商,0,1
1591227180,3,4000,1,ipad,电信,0,6
1591227180,3,500,1,adr,电信,6,241
1591227180,3,500,1,pc_exe,电信,3,21
1591227180,5,2000,0,adr,联通,2,206
1591227180,5,2000,0,adr_tv,联通,0,6
1591227180,3,500,1,ios,小运营商,0,6
1591227180,5,0,0,adr_tv,小运营商,1,3
1591227180,5,500,1,adr,移动,0,41
1591227180,3,2000,0,ios,电信,0,3
1591227180,3,500,1,adr,海外,0,9
1591227180,3,2000,1,ipad,联通,0,56
1591227180,5,500,1,webh5,联通,0,6
1591227180,5,2000,1,ipad,电信,0,24
1591227180,3,500,1,pc_exe,联通,0,9
1591227180,5,2000,0,adr_tv,电信,3,18
1591227180,5,2000,0,ios,联通,0,42
1591227180,3,500,1,adr,小运营商,0,27
1591227180,3,4000,0,adr_tv,电信,3,16
1591227180,5,500,1,ios,移动,0,22
1591227180,3,500,0,web,电信,0,9
1591227180,5,4000,0,ios,电信,1,6
1591227180,3,4000,1,ipad,小运营商,0,3
1591227180,3,2000,0,webh5,电信,0,3
1591227180,3,0,0,adr,联通,0,8
1591227180,5,500,0,pc_exe,电信,0,3
1591227180,5,500,1,ios,海外,2,6
1591227180,3,2000,1,webh5,小运营商,0,25
1591227180,3,0,0,adr_tv,移动,3,99
1591227180,5,4000,0,adr,联通,0,3
1591227180,5,2000,1,webh5,教育网,0,3
1591227180,3,2000,1,ipad,移动,0,92
1591227180,3,500,1,webh5,移动,0,39
1591227180,5,500,0,pc_exe,移动,0,3
1591227180,3,2000,0,ios,联通,0,4
1591227180,5,2000,0,adr,电信,0,18
1591227180,5,4000,0,adr_tv,电信,3,3
1591227180,3,4000,0,ios,电信,0,3
1591227180,5,2000,1,ipad,联通,1,16
1591227180,3,2000,1,ipad,小运营商,0,25
1591227180,3,4000,1,pc_exe,移动,2,150
1591227180,5,500,1,ios,电信,0,22
1591227180,3,500,0,web,移动,0,3
1591227180,3,500,0,ipad,电信,0,6
1591227180,3,4000,0,webh5,电信,0,20
1591227180,3,2000,0,adr,移动,2,24
1591227180,3,500,1,ios,移动,0,102
1591227180,5,4000,0,adr_tv,移动,0,6
1591227180,5,500,1,webh5,电信,0,3
1591227180,5,2000,0,pc_exe,移动,0,3
1591227180,3,0,0,adr_tv,联通,0,89
1591227180,3,2000,1,adr,联通,2,345
1591227180,3,500,0,adr,移动,0,6
1591227180,3,4000,1,adr,电信,4,622
1591227180,3,500,1,ipad,移动,0,9
1591227180,3,4000,1,ios,小运营商,0,17
1591227180,3,4000,1,pc_exe,电信,6,354
1591227180,5,4000,1,adr,移动,0,101
1591227180,5,500,0,adr,电信,0,6
1591227180,3,2000,1,webh5,移动,0,89
1591227180,5,2000,1,webh5,电信,0,1
1591227180,5,500,1,ipad,联通,0,3
1591227180,5,4000,1,webh5,联通,0,6
1591227180,3,4000,1,adr,海外,0,3
1591227180,3,2000,1,ios,移动,11,225
1591227180,5,2000,1,adr,小运营商,0,12
1591227180,3,4000,1,pc_exe,联通,0,146
1591227180,3,2000,1,pc_exe,小运营商,0,6
1591227180,3,500,1,webh5,小运营商,0,7
1591227180,3,500,0,ios,联通,0,6
1591227180,3,500,1,ipad,小运营商,0,3
1591227180,5,4000,0,pc_exe,小运营商,0,4
1591227180,5,4000,0,pc_exe,电信,0,11
1591227180,3,2000,0,adr,小运营商,0,3
1591227180,3,4000,1,pc_exe,小运营商,0,6
1591227180,3,2000,1,adr,电信,2,609
1591227180,3,500,0,webh5,电信,0,6
1591227180,5,2000,0,adr_tv,移动,0,13
1591227180,5,2000,0,ipad,移动,0,3
1591227180,3,4000,1,adr,联通,2,233
1591227180,5,0,1,ipad,移动,0,1
1591227180,3,4000,0,pc_exe,电信,4,281
1591227180,3,4000,0,pc_exe,小运营商,0,8
1591227180,3,0,0,adr,电信,1,18
1591227180,3,500,0,ipad,移动,2,5
1591227180,5,500,1,adr,电信,0,35
1591227180,3,500,1,ios,联通,0,41
1591227180,3,4000,0,pc_exe,联通,4,113
1591227180,5,2000,1,pc_exe,移动,0,4
1591227180,3,2000,0,webh5,移动,0,6
1591227180,5,2000,0,adr,小运营商,0,2
1591227180,5,500,1,adr,海外,0,3
1591227180,5,2000,0,ios,电信,0,7
1591227180,3,500,1,webh5,联通,0,53
1591227180,3,500,0,adr_tv,移动,0,3
1591227180,3,4000,1,ipad,联通,0,3
1591227180,3,4000,0,web,移动,0,9
1591227180,3,0,1,ipad,联通,0,1
1591227180,5,4000,1,webh5,电信,0,33
1591227180,5,2000,1,adr,移动,0,112
1591227180,3,2000,1,ios,小运营商,1,5
1591227180,5,500,0,adr,联通,0,108
1591227180,3,2000,1,pc_exe,电信,1,118
1591227180,5,4000,1,adr,小运营商,0,18
1591227180,5,500,0,adr_tv,电信,0,3
1591227180,5,2000,1,webh5,海外,0,3
1591227180,3,4000,1,webh5,移动,0,171
1591227180,5,4000,1,ios,电信,2,63
1591227180,5,4000,0,pc_exe,移动,0,1
1591227180,5,500,1,ipad,电信,0,6
1591227180,3,4000,1,ios,移动,2,153
1591227180,5,2000,1,webh5,联通,0,6
1591227180,3,500,0,ios,电信,0,1
1591227180,3,2000,1,adr,海外,0,25
1591227180,3,500,0,adr,小运营商,1,3
1591227180,3,500,1,pc_exe,移动,2,21
1591227180,5,2000,1,ios,联通,3,23
1591227180,3,2000,0,ipad,联通,0,7
1591227180,3,2000,1,pc_exe,联通,0,36
1591227180,3,2000,1,ipad,电信,0,192
1591227180,5,4000,0,ios,联通,1,9
1591227180,3,500,0,web,联通,0,6
1591227180,5,2000,1,adr,电信,0,138
1591227180,5,4000,1,pc_exe,小运营商,0,4
1591227180,3,2000,0,adr_tv,移动,7,71
1591227180,3,2000,0,ipad,移动,0,6
1591227180,5,4000,1,adr,联通,2,84
1591227180,3,500,1,gamelive,联通,0,3
1591227180,3,2000,0,adr_tv,小运营商,2,6
1591227180,3,2000,1,ios,联通,4,159
1591227180,3,2000,0,ipad,小运营商,0,1
1591227180,3,500,0,pc_exe,海外,0,3
1591227180,3,500,0,ios,移动,0,3
1591227180,6,2000,1,ipad,电信,0,1
1591227180,3,4000,0,webh5,联通,0,3
1591227180,5,2000,0,ios,移动,0,3
1591227180,3,500,0,ipad,联通,0,3
1591227180,3,4000,1,webh5,小运营商,0,25
1591227180,5,500,1,ios,联通,1,15
1591227180,5,4000,0,pc_exe,联通,0,12
1591227180,3,2000,1,pc_exe,移动,1,36
1591227180,5,2000,0,webh5,移动,0,3
1591227180,3,4000,1,ios,电信,4,380
1591227180,5,2000,1,pc_exe,电信,0,3
1591227180,3,500,0,adr,联通,1,7
1591227180,3,500,0,adr_tv,联通,3,10
1591227180,3,500,1,webh5,海外,0,3
1591227180,3,2000,0,adr_tv,电信,0,82
1591227180,3,0,0,adr_tv,小运营商,0,6
1591227180,3,2000,0,adr,联通,0,18
1591227180,3,2000,0,adr_tv,联通,1,42
1591227180,3,500,1,adr,移动,3,356
1591227180,3,4000,1,adr,小运营商,0,28
1591227180,3,500,0,adr_tv,电信,0,12
1591227180,3,4000,0,pc_exe,移动,0,67
1591227180,3,2000,0,web,联通,0,6
1591227180,5,2000,1,pc_exe,联通,0,3
1591227180,3,500,1,ipad,电信,0,18
1591227180,5,4000,1,ios,移动,0,49
1591227180,3,4000,0,web,电信,0,12
1591227180,3,2000,1,webh5,联通,0,101
1591227180,5,2000,1,adr,海外,0,3
1591227180,3,0,0,adr,移动,3,11
1591227180,3,4000,1,ios,海外,0,7
1591227180,3,4000,1,webh5,电信,0,928
1591227180,3,2000,1,adr,移动,5,603
1591227180,5,2000,1,ios,小运营商,0,5
1591227180,3,500,1,adr,联通,1,164
1591227180,5,2000,0,pc_exe,电信,0,3
1591227180,3,4000,1,pc_exe,海外,0,10
1591227180,5,2000,1,adr,联通,1,77
1591227180,5,2000,1,webh5,移动,0,4
1591227180,3,4000,0,web,联通,0,6
1591227180,3,4000,1,webh5,联通,0,300
1591227180,3,2000,1,ios,电信,9,265
1591227180,3,2000,1,adr,小运营商,0,36
1591227180,3,500,0,adr,电信,0,6
1591227180,3,2000,0,pc_exe,移动,0,24
1591227180,3,2000,1,ios,海外,0,11
1591227180,3,0,0,adr,小运营商,0,4
1591227180,3,500,1,ipad,联通,0,10
1591227180,3,4000,1,webh5,海外,0,9
1591227180,3,2000,0,web,电信,0,3
1591227180,3,4000,0,adr_tv,移动,0,13
1591227180,5,0,0,adr,联通,0,10
1591227180,3,4000,1,adr,移动,1,459
1591227180,5,2000,1,ios,移动,0,30
1591227180,5,4000,1,pc_exe,联通,0,7
1591227180,5,4000,1,adr,电信,2,182
1591227180,3,500,0,ios,小运营商,0,3
1591227180,3,500,0,pc_exe,小运营商,0,3
1591227180,5,500,0,ios,联通,0,27
1591227180,5,4000,1,pc_exe,电信,1,49
1591227180,5,500,0,adr,移动,0,18
1591227180,3,500,0,pc_exe,联通,0,2
1591227180,3,4000,1,ios,联通,2,137
1591227180,5,0,0,adr_tv,联通,0,10
1591227180,5,0,0,adr_tv,电信,1,23
1591227180,3,2000,1,webh5,电信,2,326
1591227180,3,500,0,pc_exe,电信,0,9
1591227180,5,4000,1,ios,小运营商,0,15
1591227240,5,500,1,adr,联通,0,46
1591227240,3,500,1,webh5,移动,0,37
1591227240,3,4000,1,pc_exe,联通,0,150
1591227240,3,0,0,adr_tv,电信,6,165
1591227240,5,500,1,ios,移动,0,25
1591227240,3,2000,0,ios,小运营商,0,2
1591227240,5,2000,0,pc_exe,移动,0,3
1591227240,3,2000,1,ipad,联通,0,60
1591227240,3,500,0,adr_tv,移动,0,3
1591227240,3,2000,0,pc_exe,小运营商,0,6
1591227240,3,4000,1,ipad,电信,0,6
1591227240,5,2000,0,ipad,移动,0,3
1591227240,5,4000,1,adr,小运营商,0,16
1591227240,3,4000,1,ipad,小运营商,0,3
1591227240,3,500,0,ipad,联通,0,3
1591227240,3,2000,0,adr_tv,联通,1,42
1591227240,5,4000,1,webh5,电信,0,35
1591227240,3,4000,0,pc_exe,电信,3,285
1591227240,5,2000,1,webh5,电信,0,1
1591227240,3,0,0,adr,联通,0,8
1591227240,5,500,1,adr,移动,0,47
1591227240,3,2000,1,pc_exe,电信,2,118
1591227240,3,2000,1,pc_exe,小运营商,0,6
1591227240,5,2000,0,adr,联通,1,220
1591227240,3,500,0,adr,小运营商,0,3
1591227240,5,2000,1,ios,联通,3,24
1591227240,3,4000,0,ios,电信,0,3
1591227240,3,500,1,ios,小运营商,0,5
1591227240,3,0,0,ipad,联通,0,1
1591227240,3,4000,1,pc_exe,小运营商,0,6
1591227240,3,4000,1,ios,移动,1,172
1591227240,3,500,0,web,电信,0,9
1591227240,5,500,0,adr,联通,0,123
1591227240,3,2000,1,ios,小运营商,1,7
1591227240,3,500,0,webh5,小运营商,0,2
1591227240,3,500,1,adr,小运营商,1,27
1591227240,3,4000,0,webh5,电信,0,23
1591227240,5,500,0,pc_exe,电信,0,3
1591227240,5,4000,0,adr_tv,移动,0,6
1591227240,3,0,0,adr_tv,联通,1,84
1591227240,3,2000,1,ipad,海外,0,6
1591227240,5,4000,0,ios,电信,0,4
1591227240,3,2000,1,ipad,移动,1,94
1591227240,5,500,1,ipad,电信,0,6
1591227240,3,2000,1,adr,电信,2,632
1591227240,3,2000,1,webh5,联通,0,96
1591227240,3,0,0,adr,电信,3,18
1591227240,5,2000,0,adr,移动,0,15
1591227240,5,2000,1,ipad,移动,0,9
1591227240,3,4000,0,pc_exe,联通,3,110
1591227240,3,4000,1,pc_exe,电信,3,370
1591227240,3,2000,1,adr,海外,0,23
1591227240,3,500,1,pc_exe,联通,0,9
1591227240,3,2000,0,ipad,联通,0,6
1591227240,5,2000,0,adr,电信,0,19
1591227240,5,2000,1,pc_exe,移动,0,3
1591227240,3,2000,0,adr_tv,电信,1,82
1591227240,5,500,1,ios,海外,3,6
1591227240,5,2000,0,adr_tv,电信,3,18
1591227240,3,4000,1,adr,联通,0,240
1591227240,5,2000,1,adr,移动,0,117
1591227240,5,2000,0,ios,联通,0,44
1591227240,5,500,1,webh5,电信,0,3
1591227240,3,4000,0,ios,移动,0,2
1591227240,3,500,1,ios,电信,4,142
1591227240,3,2000,1,adr,联通,3,352
1591227240,3,500,0,ios,电信,0,2
1591227240,5,500,1,ipad,联通,0,3
1591227240,3,4000,0,adr_tv,移动,0,15
1591227240,5,0,1,ipad,联通,0,1
1591227240,3,500,1,gamelive,联通,0,3
1591227240,3,2000,1,adr,移动,4,623
1591227240,3,500,1,webh5,电信,0,273
1591227240,3,4000,1,ios,海外,0,8
1591227240,5,4000,1,adr,联通,1,87
1591227240,5,2000,1,ipad,联通,0,19
1591227240,3,0,0,adr,移动,0,9
1591227240,5,500,0,adr,电信,0,6
1591227240,5,4000,1,pc_exe,电信,0,49
1591227240,5,4000,1,adr,移动,0,103
1591227240,3,2000,0,ipad,电信,0,3
1591227240,3,0,0,adr_tv,移动,3,100
1591227240,3,500,1,ipad,小运营商,0,3
1591227240,3,4000,1,ios,小运营商,0,14
1591227240,3,500,1,adr,联通,1,166
1591227240,5,2000,1,adr,电信,0,140
1591227240,5,2000,0,adr_tv,移动,1,11
1591227240,3,500,1,ipad,电信,0,18
1591227240,3,500,0,adr,联通,0,6
1591227240,3,4000,0,web,电信,0,13
1591227240,5,4000,1,pc_exe,小运营商,0,4
1591227240,5,4000,1,ios,移动,1,52
1591227240,3,2000,0,adr,移动,0,24
1591227240,3,4000,1,adr,小运营商,1,29
1591227240,5,0,0,adr_tv,电信,0,24
1591227240,3,500,0,pc_exe,联通,0,1
1591227240,3,2000,0,web,联通,0,6
1591227240,3,2000,0,ipad,移动,0,7
1591227240,3,2000,0,pc_exe,移动,0,24
1591227240,5,4000,1,pc_exe,联通,0,6
1591227240,3,2000,1,ios,联通,1,165
1591227240,3,500,0,pc_exe,电信,0,15
1591227240,5,0,0,adr_tv,联通,0,9
1591227240,3,500,0,ios,移动,0,3
1591227240,3,4000,1,ios,电信,2,380
1591227240,5,2000,1,ios,小运营商,0,2
1591227240,3,2000,0,adr_tv,小运营商,0,5
1591227240,3,500,1,adr,电信,6,249
1591227240,5,4000,0,pc_exe,电信,0,9
1591227240,3,500,1,pc_exe,电信,3,21
1591227240,3,2000,0,ios,电信,0,3
1591227240,3,500,1,ipad,移动,0,9
1591227240,3,2000,1,webh5,小运营商,0,25
1591227240,5,500,0,adr_tv,电信,0,3
1591227240,5,4000,1,webh5,联通,0,6
1591227240,3,4000,0,webh5,联通,0,3
1591227240,5,2000,1,ios,电信,0,75
1591227240,3,2000,1,ipad,小运营商,0,27
1591227240,3,2000,1,webh5,移动,0,88
1591227240,3,4000,1,pc_exe,移动,5,155
1591227240,5,2000,0,adr_tv,联通,0,6
1591227240,3,4000,1,adr,电信,5,646
1591227240,5,4000,0,pc_exe,小运营商,0,4
1591227240,3,4000,0,web,移动,0,9
1591227240,3,2000,0,webh5,电信,0,4
1591227240,3,500,0,adr,移动,0,6
1591227240,3,4000,1,pc_exe,海外,0,13
1591227240,3,500,1,adr,海外,0,9
1591227240,5,0,0,adr_tv,小运营商,0,3
1591227240,5,4000,0,adr_tv,电信,2,3
1591227240,5,2000,0,webh5,移动,0,3
1591227240,3,500,1,pc_exe,移动,2,21
1591227240,5,2000,1,ipad,电信,0,24
1591227240,6,0,1,ipad,联通,0,1
1591227240,3,500,1,webh5,小运营商,0,9
1591227240,3,500,0,ios,联通,0,6
1591227240,5,2000,1,adr,小运营商,0,12
1591227240,3,500,0,webh5,联通,0,2
1591227240,5,2000,0,ios,移动,0,3
1591227240,3,500,0,ipad,电信,0,6
1591227240,3,2000,1,ios,移动,9,242
1591227240,3,4000,1,adr,海外,0,3
1591227240,3,4000,1,webh5,小运营商,0,26
1591227240,5,500,1,ios,联通,0,18
1591227240,3,2000,0,adr,小运营商,0,3
1591227240,5,500,0,pc_exe,移动,0,3
1591227240,5,4000,1,ios,联通,5,49
1591227240,5,4000,0,adr,联通,0,3
1591227240,3,2000,1,pc_exe,联通,0,36
1591227240,5,500,1,webh5,联通,0,6
1591227240,5,2000,0,pc_exe,电信,0,3
1591227240,3,500,0,webh5,电信,0,6
1591227240,3,500,0,pc_exe,移动,0,12
1591227240,3,500,1,webh5,联通,0,56
1591227240,5,2000,1,webh5,联通,0,6
1591227240,3,0,0,ios,电信,0,1
1591227240,5,2000,1,pc_exe,电信,0,3
1591227240,5,2000,1,ios,移动,0,42
1591227240,5,2000,0,ios,电信,0,6
1591227240,3,2000,0,web,电信,0,3
1591227240,3,0,0,adr,小运营商,0,2
1591227240,5,2000,0,adr,小运营商,0,5
1591227240,5,2000,1,adr,联通,0,83
1591227240,3,500,1,ios,联通,2,44
1591227240,3,0,0,adr_tv,小运营商,0,6
1591227240,5,0,0,adr,联通,0,12
1591227240,3,4000,1,webh5,联通,0,305
1591227240,3,2000,1,pc_exe,移动,0,33
1591227240,3,2000,1,adr,小运营商,0,36
1591227240,5,500,0,ios,联通,0,25
1591227240,3,500,1,webh5,海外,0,3
1591227240,3,500,0,adr_tv,联通,1,10
1591227240,5,2000,1,webh5,教育网,0,3
1591227240,5,500,1,adr,海外,0,3
1591227240,3,500,0,ios,小运营商,0,4
1591227240,3,500,1,ipad,联通,0,13
1591227240,3,500,1,adr,移动,3,368
1591227240,5,500,1,adr,电信,1,41
1591227240,3,4000,1,ipad,联通,0,3
1591227240,3,500,0,pc_exe,海外,0,3
1591227240,3,4000,1,adr,移动,0,477
1591227240,3,2000,1,ipad,电信,0,197
1591227240,3,2000,0,adr_tv,移动,3,73
1591227240,3,2000,0,pc_exe,电信,0,26
1591227240,5,4000,0,pc_exe,联通,0,10
1591227240,3,500,0,adr,电信,0,9
1591227240,3,4000,1,webh5,移动,0,185
1591227240,3,2000,1,ios,海外,0,11
1591227240,3,2000,0,ios,联通,0,6
1591227240,3,4000,0,adr_tv,联通,0,3
1591227240,5,4000,1,adr,电信,0,188
1591227240,3,2000,0,adr,联通,0,19
1591227240,5,500,0,adr,移动,0,18
1591227240,5,0,0,adr_tv,移动,3,12
1591227240,5,2000,1,webh5,海外,0,3
1591227240,3,4000,0,adr_tv,电信,0,15
1591227240,3,500,1,ios,移动,2,116
1591227240,3,2000,1,webh5,电信,4,326
1591227240,3,4000,0,web,联通,0,6
1591227240,3,4000,0,pc_exe,移动,0,64
1591227240,5,4000,1,ios,小运营商,0,15
1591227240,3,2000,0,pc_exe,联通,0,26
1591227240,3,4000,1,ios,联通,2,148
1591227240,3,2000,0,webh5,移动,0,6
1591227240,3,2000,0,adr,电信,0,9
1591227240,3,500,0,web,联通,0,6
1591227240,3,2000,1,ios,电信,7,276
1591227240,5,4000,0,ios,联通,0,9
1591227240,5,500,1,ios,电信,2,28
1591227240,3,4000,1,webh5,电信,0,964
1591227240,3,500,1,ios,海外,0,6
1591227240,3,4000,1,webh5,海外,0,9
1591227240,3,4000,0,pc_exe,小运营商,0,13
1591227240,5,4000,1,pc_exe,移动,0,17
1591227240,3,500,0,web,移动,0,3
1591227240,3,500,0,adr_tv,电信,0,12
1591227240,5,2000,1,pc_exe,联通,0,3
1591227240,3,2000,0,ios,移动,0,1
1591227240,5,2000,1,webh5,移动,0,6
1591227240,5,4000,1,ios,电信,0,67
1591227240,3,500,0,pc_exe,小运营商,0,7
1591227240,3,500,0,ipad,移动,0,3
1591227300,5,500,1,webh5,联通,0,6
1591227300,5,4000,1,ios,小运营商,0,15
1591227300,3,4000,1,adr,移动,7,486
1591227300,3,2000,0,ipad,移动,0,6
1591227300,3,2000,1,webh5,移动,0,84
1591227300,5,2000,1,ios,电信,1,70
1591227300,3,500,0,adr_tv,移动,0,3
1591227300,3,2000,0,ipad,联通,0,6
1591227300,3,4000,1,webh5,小运营商,0,26
1591227300,3,4000,1,pc_exe,联通,1,150
1591227300,5,0,0,adr,联通,0,10
1591227300,3,4000,1,ipad,小运营商,0,3
1591227300,3,2000,1,pc_exe,移动,1,33
1591227300,5,2000,0,pc_exe,移动,0,3
1591227300,3,0,0,adr,电信,3,20
1591227300,3,500,1,ios,电信,5,139
1591227300,5,4000,0,pc_exe,联通,0,12
1591227300,5,2000,1,webh5,教育网,0,3
1591227300,3,4000,0,webh5,联通,0,3
1591227300,5,2000,1,adr,移动,0,121
1591227300,3,4000,0,web,联通,0,6
1591227300,5,2000,1,adr,联通,0,86
1591227300,3,500,1,adr,小运营商,0,27
1591227300,5,500,0,ios,联通,0,30
1591227300,5,2000,1,pc_exe,联通,0,3
1591227300,3,2000,1,ios,海外,0,12
1591227300,5,500,1,adr,电信,2,42
1591227300,3,500,1,ipad,小运营商,0,3
1591227300,5,500,1,ipad,电信,0,6
1591227300,3,500,1,pc_exe,联通,0,9
1591227300,3,4000,0,pc_exe,移动,0,64
1591227300,3,500,0,adr_tv,电信,0,12
1591227300,3,500,0,webh5,联通,0,2
1591227300,3,2000,1,adr,电信,3,662
1591227300,5,2000,0,adr_tv,电信,3,18
1591227300,3,2000,0,adr,小运营商,0,3
1591227300,3,2000,1,ipad,电信,2,208
1591227300,3,500,1,webh5,联通,0,58
1591227300,3,500,1,adr,移动,3,386
1591227300,3,4000,0,adr_tv,移动,0,15
1591227300,3,4000,1,adr,联通,0,257
1591227300,3,4000,0,pc_exe,电信,4,290
1591227300,3,500,0,ipad,电信,0,6
1591227300,3,2000,1,ios,小运营商,0,6
1591227300,3,500,0,adr,联通,0,7
1591227300,3,500,1,webh5,小运营商,0,10
1591227300,5,500,1,ipad,联通,0,3
1591227300,3,4000,1,ipad,联通,0,3
1591227300,3,500,0,ios,联通,0,3
1591227300,5,4000,0,adr_tv,移动,0,4
1591227300,3,500,0,adr,电信,0,9
1591227300,5,2000,0,ios,移动,0,3
1591227300,3,500,0,webh5,小运营商,0,1
1591227300,3,500,1,webh5,海外,0,3
1591227300,3,500,0,pc_exe,电信,0,12
1591227300,3,4000,1,pc_exe,电信,0,386
1591227300,3,2000,0,adr_tv,电信,1,89
1591227300,5,500,1,adr,海外,0,3
1591227300,3,4000,1,pc_exe,小运营商,0,8
1591227300,5,2000,0,ios,电信,0,6
1591227300,5,2000,0,ios,联通,1,49
1591227300,3,500,0,pc_exe,联通,0,2
1591227300,3,4000,1,ios,联通,1,150
1591227300,3,2000,1,ipad,移动,1,99
1591227300,3,2000,0,ios,小运营商,0,3
1591227300,5,4000,1,adr,小运营商,0,15
1591227300,3,2000,0,webh5,电信,0,7
1591227300,3,4000,1,ios,移动,3,165
1591227300,3,4000,0,web,移动,0,7
1591227300,3,500,0,ipad,移动,0,3
1591227300,3,500,0,pc_exe,海外,0,3
1591227300,3,2000,0,adr_tv,移动,4,76
1591227300,5,2000,1,pc_exe,电信,0,3
1591227300,3,500,0,ios,电信,0,5
1591227300,5,4000,1,adr,移动,0,109
1591227300,5,2000,0,pc_exe,电信,0,3
1591227300,3,2000,1,adr,海外,0,20
1591227300,5,0,0,adr_tv,电信,0,24
1591227300,3,4000,1,ios,小运营商,0,17
1591227300,5,2000,1,ios,联通,0,22
1591227300,3,500,1,webh5,电信,0,277
1591227300,5,500,0,adr,电信,0,6
1591227300,3,500,0,adr_tv,联通,1,8
1591227300,3,0,0,adr_tv,小运营商,0,6
1591227300,3,2000,0,adr_tv,联通,1,45
1591227300,5,2000,1,adr,小运营商,0,11
1591227300,3,2000,1,ios,电信,4,302
1591227300,5,0,0,adr_tv,联通,0,9
1591227300,5,4000,1,webh5,联通,0,5
1591227300,5,4000,1,webh5,电信,0,32
1591227300,5,4000,1,adr,电信,1,190
1591227300,3,500,1,ipad,电信,0,20
1591227300,3,2000,0,adr,联通,0,18
1591227300,5,0,1,ipad,移动,0,1
1591227300,5,500,1,ios,移动,1,30
1591227300,3,500,0,adr,小运营商,0,3
1591227300,3,4000,1,adr,海外,0,3
1591227300,3,500,0,web,电信,0,9
1591227300,5,2000,1,ipad,联通,1,25
1591227300,5,500,1,ios,联通,0,17
1591227300,3,500,0,web,联通,0,6
1591227300,3,500,0,ios,小运营商,0,3
1591227300,5,500,0,adr,联通,2,134
1591227300,5,500,0,adr,移动,0,18
1591227300,5,2000,0,webh5,移动,0,3
1591227300,5,4000,0,pc_exe,电信,0,12
1591227300,3,2000,1,ipad,海外,0,6
1591227300,5,4000,0,ios,电信,0,2
1591227300,5,2000,0,ipad,移动,0,3
1591227300,3,4000,1,webh5,移动,0,196
1591227300,5,4000,1,ios,电信,1,58
1591227300,3,4000,0,pc_exe,小运营商,0,13
1591227300,5,4000,0,ios,联通,0,9
1591227300,5,2000,1,webh5,电信,0,1
1591227300,3,2000,1,ios,移动,2,248
1591227300,3,500,1,adr,电信,0,259
1591227300,3,-1,0,adr_tv,电信,0,1
1591227300,3,0,0,adr_tv,电信,4,166
1591227300,5,2000,0,adr,移动,0,17
1591227300,3,2000,1,webh5,小运营商,0,24
1591227300,3,500,0,adr,移动,0,6
1591227300,5,500,1,adr,移动,1,48
1591227300,5,4000,1,pc_exe,移动,0,18
1591227300,3,2000,1,pc_exe,电信,3,120
1591227300,3,2000,1,pc_exe,小运营商,0,6
1591227300,5,2000,1,webh5,移动,0,6
1591227300,3,2000,0,pc_exe,联通,0,24
1591227300,5,500,0,adr_tv,电信,0,2
1591227300,5,4000,1,adr,联通,0,92
1591227300,3,4000,1,webh5,电信,0,996
1591227300,3,4000,1,webh5,海外,0,9
1591227300,3,4000,1,webh5,联通,0,324
1591227300,6,0,1,ipad,海外,0,1
1591227300,3,2000,0,ios,联通,0,6
1591227300,3,500,1,ios,海外,0,6
1591227300,3,500,1,ipad,移动,0,9
1591227300,3,4000,0,web,电信,0,15
1591227300,3,2000,1,pc_exe,联通,0,36
1591227300,3,500,1,ipad,联通,0,8
1591227300,3,2000,1,adr,联通,2,385
1591227300,5,4000,1,ios,移动,3,57
1591227300,3,2000,0,adr,电信,0,11
1591227300,3,2000,0,adr,移动,0,25
1591227300,3,4000,1,adr,小运营商,0,30
1591227300,3,500,0,pc_exe,移动,0,15
1591227300,5,4000,0,pc_exe,移动,0,2
1591227300,3,2000,1,webh5,联通,0,100
1591227300,3,2000,0,pc_exe,移动,0,24
1591227300,3,500,1,ios,小运营商,0,6
1591227300,3,2000,1,ios,联通,4,172
1591227300,4,0,1,adr,电信,0,1
1591227300,3,500,0,ios,移动,0,3
1591227300,3,4000,1,ipad,电信,0,6
1591227300,3,2000,0,adr_tv,小运营商,1,7
1591227300,3,4000,1,pc_exe,海外,0,13
1591227300,3,4000,0,pc_exe,联通,2,116
1591227300,3,4000,0,adr_tv,电信,2,15
1591227300,3,4000,1,ios,电信,2,410
1591227300,5,2000,1,pc_exe,移动,0,4
1591227300,3,2000,0,pc_exe,小运营商,0,6
1591227300,3,500,1,adr,联通,1,172
1591227300,3,500,0,webh5,电信,0,6
1591227300,5,500,1,ios,海外,1,6
1591227300,5,500,1,adr,联通,1,50
1591227300,5,2000,0,adr,电信,0,24
1591227300,3,2000,1,ipad,联通,0,59
1591227300,5,2000,1,webh5,联通,0,6
1591227300,5,2000,0,adr_tv,移动,0,9
1591227300,3,2000,0,webh5,移动,0,5
1591227300,5,500,1,webh5,电信,0,3
1591227300,5,0,0,adr_tv,小运营商,0,3
1591227300,5,500,0,pc_exe,移动,0,3
1591227300,3,2000,1,webh5,电信,3,332
1591227300,5,4000,0,adr,联通,0,3
1591227300,3,2000,0,ipad,电信,0,3
1591227300,3,4000,0,webh5,电信,0,17
1591227300,3,2000,0,web,联通,0,6
1591227300,5,4000,0,pc_exe,小运营商,0,3
1591227300,5,2000,1,adr,电信,0,142
1591227300,3,4000,1,adr,电信,0,653
1591227300,3,2000,0,pc_exe,电信,0,26
1591227300,3,2000,0,web,电信,0,3
1591227300,3,2000,1,ipad,小运营商,0,27
1591227300,3,500,1,ios,联通,0,49
1591227300,5,2000,0,adr,联通,1,229
1591227300,5,4000,1,pc_exe,小运营商,0,3
1591227300,3,0,0,adr,小运营商,0,3
1591227300,5,2000,1,ipad,移动,0,9
1591227300,5,2000,0,adr_tv,联通,0,6
1591227300,5,4000,1,ios,联通,3,45
1591227300,3,500,1,pc_exe,移动,0,19
1591227300,3,0,0,adr_tv,移动,4,98
1591227300,5,2000,1,ios,小运营商,0,4
1591227300,3,500,0,pc_exe,小运营商,1,6
1591227300,3,500,0,web,移动,0,5
1591227300,3,4000,0,adr_tv,联通,0,3
1591227300,3,2000,1,adr,小运营商,0,36
1591227300,5,0,0,adr_tv,移动,3,12
1591227300,5,2000,1,ios,移动,0,38
1591227300,3,4000,1,ios,海外,0,10
1591227300,3,500,1,pc_exe,电信,1,19
1591227300,3,500,1,webh5,移动,0,38
1591227300,3,500,0,ipad,联通,0,4
1591227300,3,500,1,gamelive,联通,0,3
1591227300,3,0,0,adr_tv,联通,0,79
1591227300,5,2000,1,ipad,电信,0,24
1591227300,3,0,0,adr,联通,0,6
1591227300,5,500,0,pc_exe,电信,0,3
1591227300,5,2000,0,adr,小运营商,0,6
1591227300,5,4000,1,pc_exe,联通,0,11
1591227300,3,0,0,adr,移动,0,9
1591227300,3,2000,0,ios,移动,0,3
1591227300,3,500,1,adr,海外,0,9
1591227300,3,4000,1,pc_exe,移动,1,166
1591227300,5,500,1,ios,电信,1,20
1591227300,5,2000,1,webh5,海外,0,2
1591227300,5,4000,0,adr_tv,电信,2,3
1591227300,3,2000,0,ios,电信,0,3
1591227300,3,500,1,ios,移动,8,129
1591227300,3,4000,0,ios,电信,0,3
1591227300,5,4000,1,pc_exe,电信,0,54
1591227300,3,2000,1,adr,移动,4,642
1591227360,3,2000,0,ios,电信,0,3
1591227360,3,500,0,ipad,联通,0,3
1591227360,3,0,0,adr_tv,联通,2,81
1591227360,3,2000,0,ios,移动,0,3
1591227360,3,0,0,adr,联通,0,7
1591227360,5,500,0,pc_exe,电信,0,3
1591227360,3,500,1,ios,小运营商,0,7
1591227360,3,2000,1,ios,联通,1,181
1591227360,3,500,1,ipad,电信,0,22
1591227360,5,500,0,pc_exe,移动,0,3
1591227360,3,500,1,adr,海外,0,9
1591227360,5,4000,0,ios,联通,0,9
1591227360,5,4000,1,adr,移动,0,105
1591227360,5,500,1,adr,海外,0,3
1591227360,3,4000,0,web,电信,0,15
1591227360,5,2000,0,adr,联通,1,243
1591227360,5,500,1,ipad,电信,0,6
1591227360,5,0,0,adr_tv,移动,3,12
1591227360,5,2000,1,ipad,电信,0,26
1591227360,3,500,0,web,联通,0,6
1591227360,3,500,1,webh5,联通,0,62
1591227360,3,4000,1,webh5,海外,0,9
1591227360,3,500,0,webh5,电信,0,4
1591227360,3,500,0,pc_exe,移动,0,14
1591227360,5,4000,0,adr_tv,移动,0,6
1591227360,3,500,1,webh5,海外,0,4
1591227360,5,4000,1,ios,移动,2,58
1591227360,3,4000,1,ios,电信,2,445
1591227360,5,500,0,adr,电信,0,12
1591227360,5,2000,0,ios,电信,0,6
1591227360,3,0,0,adr_tv,移动,4,106
1591227360,3,500,1,adr,小运营商,0,27
1591227360,6,0,1,ipad,联通,0,1
1591227360,3,500,1,adr,移动,0,376
1591227360,5,500,1,adr,移动,0,43
1591227360,3,4000,0,adr_tv,电信,2,15
1591227360,3,4000,1,adr,联通,2,273
1591227360,5,4000,0,adr_tv,电信,2,3
1591227360,3,2000,1,adr,电信,7,694
1591227360,5,4000,1,adr,联通,0,94
1591227360,5,2000,0,pc_exe,移动,0,3
1591227360,3,0,0,adr,电信,3,17
1591227360,3,4000,1,adr,电信,3,670
1591227360,3,4000,1,pc_exe,联通,1,153
1591227360,5,4000,1,pc_exe,电信,0,55
1591227360,3,2000,1,ipad,海外,0,6
1591227360,3,2000,0,adr_tv,小运营商,3,6
1591227360,3,2000,0,pc_exe,电信,0,24
1591227360,3,0,0,adr_tv,电信,3,165
1591227360,5,500,1,ios,联通,0,13
1591227360,5,2000,1,webh5,联通,0,6
1591227360,3,4000,1,webh5,电信,2,989
1591227360,3,500,0,adr,联通,0,9
1591227360,3,4000,0,web,移动,0,6
1591227360,5,4000,1,adr,小运营商,0,14
1591227360,5,4000,1,ios,电信,3,62
1591227360,5,4000,0,pc_exe,小运营商,0,3
1591227360,3,2000,1,adr,移动,5,652
1591227360,5,0,0,adr_tv,联通,0,9
1591227360,3,500,0,pc_exe,电信,0,15
1591227360,5,2000,1,ios,小运营商,1,14
1591227360,3,500,0,ipad,移动,0,4
1591227360,3,4000,1,webh5,移动,0,203
1591227360,3,500,1,ipad,小运营商,0,3
1591227360,5,2000,1,webh5,海外,0,3
1591227360,5,2000,1,ios,联通,2,29
1591227360,3,4000,1,ios,海外,0,11
1591227360,3,4000,0,adr_tv,移动,0,15
1591227360,3,0,0,adr,移动,0,9
1591227360,5,0,0,adr_tv,电信,0,24
1591227360,3,500,0,pc_exe,联通,0,1
1591227360,3,500,0,adr,小运营商,0,4
1591227360,3,4000,0,pc_exe,小运营商,0,12
1591227360,3,2000,0,adr,小运营商,0,3
1591227360,3,4000,1,webh5,小运营商,0,27
1591227360,5,0,0,adr_tv,小运营商,1,3
1591227360,3,500,0,adr,移动,2,9
1591227360,3,500,1,adr,电信,1,260
1591227360,3,2000,0,pc_exe,移动,0,24
1591227360,5,4000,1,pc_exe,移动,0,15
1591227360,3,0,0,adr_tv,小运营商,0,6
1591227360,5,2000,1,ios,电信,2,82
1591227360,3,2000,0,pc_exe,联通,0,23
1591227360,5,4000,1,pc_exe,联通,1,12
1591227360,3,2000,0,adr_tv,移动,2,77
1591227360,3,2000,1,webh5,联通,0,91
1591227360,3,500,0,ios,移动,0,1
1591227360,5,500,0,adr,联通,2,133
1591227360,3,2000,0,adr,联通,0,18
1591227360,3,4000,1,adr,小运营商,0,30
1591227360,3,2000,0,ipad,移动,0,6
1591227360,3,2000,0,web,联通,0,6
1591227360,5,2000,1,adr,移动,1,128
1591227360,3,2000,0,webh5,移动,0,5
1591227360,5,4000,1,ios,联通,6,45
1591227360,5,2000,1,adr,电信,0,148
1591227360,3,4000,1,pc_exe,电信,2,387
1591227360,3,500,0,ios,电信,0,2
1591227360,3,2000,1,adr,海外,0,18
1591227360,3,2000,1,adr,联通,2,395
1591227360,3,4000,1,ipad,联通,0,3
1591227360,3,4000,1,ios,移动,0,168
1591227360,5,500,1,webh5,联通,0,6
1591227360,3,500,0,pc_exe,海外,0,3
1591227360,5,2000,0,ios,移动,0,3
1591227360,3,2000,0,ipad,联通,0,6
1591227360,5,0,0,adr,移动,0,1
1591227360,3,4000,1,ipad,小运营商,0,3
1591227360,5,4000,1,pc_exe,小运营商,0,3
1591227360,3,500,1,gamelive,联通,0,3
1591227360,3,2000,1,ios,小运营商,0,5
1591227360,3,2000,1,ipad,电信,1,205
1591227360,5,4000,1,webh5,电信,0,31
1591227360,3,500,0,webh5,小运营商,0,2
1591227360,3,2000,1,adr,小运营商,1,35
1591227360,5,2000,0,adr_tv,电信,3,21
1591227360,3,2000,0,web,电信,0,3
1591227360,3,4000,0,pc_exe,移动,0,65
1591227360,3,2000,0,ios,联通,0,9
1591227360,5,2000,1,ios,移动,1,38
1591227360,3,2000,0,adr,移动,0,23
1591227360,3,500,0,adr_tv,联通,3,9
1591227360,3,0,0,adr,小运营商,0,3
1591227360,5,2000,1,ipad,联通,2,22
1591227360,3,2000,1,ios,移动,4,254
1591227360,3,4000,1,pc_exe,海外,1,11
1591227360,3,2000,1,pc_exe,电信,1,121
1591227360,3,2000,1,webh5,电信,3,328
1591227360,5,500,0,adr,移动,1,18
1591227360,3,4000,0,web,联通,0,6
1591227360,5,500,1,adr,联通,0,51
1591227360,5,4000,1,adr,电信,1,192
1591227360,5,2000,1,webh5,电信,0,1
1591227360,3,4000,0,pc_exe,电信,7,294
1591227360,3,4000,1,ipad,电信,0,6
1591227360,3,500,1,pc_exe,联通,0,9
1591227360,5,2000,0,ios,联通,0,53
1591227360,5,500,0,ios,联通,1,38
1591227360,3,4000,1,pc_exe,小运营商,0,9
1591227360,5,2000,0,webh5,移动,0,3
1591227360,3,2000,0,adr_tv,联通,1,44
1591227360,3,500,1,webh5,电信,0,274
1591227360,5,2000,1,ipad,移动,0,9
1591227360,3,2000,1,ipad,小运营商,0,27
1591227360,3,500,1,ipad,移动,0,9
1591227360,3,500,0,web,移动,0,4
1591227360,3,500,1,ios,海外,0,5
1591227360,3,2000,0,adr,电信,0,11
1591227360,3,500,1,webh5,小运营商,0,12
1591227360,3,500,1,ios,电信,4,135
1591227360,3,500,1,webh5,移动,0,38
1591227360,5,4000,1,webh5,联通,0,3
1591227360,3,2000,1,ipad,移动,0,96
1591227360,5,4000,1,ios,小运营商,0,15
1591227360,3,2000,1,pc_exe,联通,0,36
1591227360,3,500,0,adr_tv,移动,0,4
1591227360,3,2000,0,ipad,电信,0,3
1591227360,5,4000,0,pc_exe,联通,0,10
1591227360,3,500,0,adr_tv,电信,0,12
1591227360,3,2000,1,pc_exe,移动,0,33
1591227360,3,2000,1,webh5,移动,0,82
1591227360,3,4000,0,pc_exe,联通,3,114
1591227360,5,2000,1,pc_exe,移动,0,6
1591227360,5,4000,0,pc_exe,电信,0,10
1591227360,3,2000,1,ios,海外,0,13
1591227360,3,500,1,adr,联通,0,177
1591227360,3,500,0,adr,电信,0,9
1591227360,3,4000,1,adr,移动,3,501
1591227360,3,4000,1,webh5,联通,0,324
1591227360,5,0,1,ipad,电信,0,1
1591227360,5,2000,1,webh5,教育网,0,3
1591227360,3,4000,0,webh5,电信,0,17
1591227360,5,500,1,adr,电信,3,42
1591227360,5,4000,0,adr,联通,0,3
1591227360,3,2000,1,webh5,小运营商,0,25
1591227360,5,500,1,webh5,电信,0,3
1591227360,3,500,1,pc_exe,电信,3,18
1591227360,5,4000,0,ios,电信,1,2
1591227360,5,500,1,ipad,联通,0,3
1591227360,5,500,1,ios,海外,1,6
1591227360,3,4000,1,pc_exe,移动,2,171
1591227360,5,2000,1,adr,联通,2,91
1591227360,3,500,1,ipad,联通,0,9
1591227360,5,2000,1,pc_exe,联通,0,3
1591227360,5,2000,0,pc_exe,电信,0,3
1591227360,5,2000,0,adr,电信,0,21
1591227360,5,2000,0,adr,移动,0,21
1591227360,3,4000,1,ios,联通,1,161
1591227360,3,500,1,ios,联通,0,51
1591227360,5,500,1,ios,移动,1,28
1591227360,5,2000,0,adr_tv,移动,0,9
1591227360,3,2000,0,webh5,电信,0,6
1591227360,3,500,0,web,电信,0,9
1591227360,5,2000,1,adr,小运营商,1,9
1591227360,3,500,1,pc_exe,移动,1,18
1591227360,5,2000,0,adr,小运营商,0,6
1591227360,5,0,0,adr,联通,0,9
1591227360,3,500,1,ios,移动,2,116
1591227360,5,2000,1,pc_exe,电信,0,3
1591227360,3,2000,0,pc_exe,小运营商,0,6
1591227360,5,2000,1,webh5,移动,0,6
1591227360,3,4000,0,ios,电信,0,3
1591227360,3,4000,1,adr,海外,0,3
1591227360,5,500,1,ios,电信,2,27
1591227360,3,2000,1,ios,电信,7,292
1591227360,3,2000,1,pc_exe,小运营商,0,6
1591227360,3,500,0,ios,联通,0,3
1591227360,3,2000,0,ios,小运营商,0,3
1591227360,3,2000,1,ipad,联通,0,62
1591227360,5,2000,0,ipad,移动,0,3
1591227360,3,4000,0,webh5,联通,0,4
1591227360,3,0,0,ios,电信,0,1
1591227360,3,2000,0,adr_tv,电信,0,86
1591227360,3,500,0,ios,小运营商,0,3
1591227360,3,500,0,ipad,电信,0,6
1591227360,5,2000,0,adr_tv,联通,0,6
1591227360,3,4000,1,ios,小运营商,0,20
1591227360,3,500,0,pc_exe,小运营商,0,6
1591227360,3,500,0,webh5,联通,0,2
1591227420,3,2000,0,ios,小运营商,0,3
1591227420,5,2000,0,adr_tv,移动,0,9
1591227420,5,2000,0,adr,联通,3,250
1591227420,5,500,1,ios,电信,2,27
1591227420,3,4000,1,webh5,联通,0,328
1591227420,5,4000,0,ios,电信,1,3
1591227420,3,500,1,ipad,移动,0,9
1591227420,5,2000,1,pc_exe,电信,0,3
1591227420,3,0,0,adr,小运营商,0,4
1591227420,3,4000,1,adr,电信,2,682
1591227420,5,500,1,ios,联通,2,18
1591227420,5,2000,1,ios,小运营商,0,11
1591227420,3,2000,1,webh5,联通,0,88
1591227420,3,500,0,web,移动,0,3
1591227420,5,2000,1,pc_exe,联通,0,3
1591227420,5,500,1,adr,海外,1,3
1591227420,5,4000,0,adr_tv,电信,3,3
1591227420,3,500,0,webh5,小运营商,0,2
1591227420,3,4000,1,ios,移动,3,173
1591227420,3,2000,0,adr,电信,1,13
1591227420,3,500,1,gamelive,联通,0,3
1591227420,5,500,1,ipad,联通,0,3
1591227420,5,500,1,ipad,电信,0,6
1591227420,3,500,0,adr_tv,联通,4,9
1591227420,3,500,1,adr,海外,0,9
1591227420,5,500,1,webh5,电信,0,3
1591227420,5,4000,0,pc_exe,小运营商,0,3
1591227420,5,4000,0,adr_tv,移动,0,6
1591227420,3,2000,1,adr,海外,0,18
1591227420,3,2000,0,adr,移动,0,23
1591227420,5,2000,0,ios,电信,0,6
1591227420,3,4000,0,pc_exe,移动,0,70
1591227420,3,500,1,pc_exe,移动,0,17
1591227420,5,500,0,pc_exe,移动,0,3
1591227420,5,4000,1,adr,联通,0,99
1591227420,3,500,1,ios,海外,0,4
1591227420,3,2000,0,adr_tv,联通,2,40
1591227420,3,500,0,adr,移动,1,8
1591227420,3,2000,1,pc_exe,移动,1,34
1591227420,3,2000,1,webh5,电信,3,324
1591227420,3,500,1,ios,联通,3,56
1591227420,5,0,0,adr_tv,电信,0,25
1591227420,3,500,1,webh5,小运营商,0,12
1591227420,3,500,0,pc_exe,联通,0,1
1591227420,3,500,0,ios,联通,0,4
1591227420,3,500,1,ipad,电信,2,22
1591227420,3,4000,0,adr_tv,移动,0,15
1591227420,5,500,1,adr,电信,1,41
1591227420,3,4000,1,ios,小运营商,0,15
1591227420,5,2000,0,adr,小运营商,0,6
1591227420,3,500,1,ipad,小运营商,0,3
1591227420,5,4000,0,pc_exe,联通,0,12
1591227420,5,2000,1,adr,小运营商,0,9
1591227420,5,2000,0,adr_tv,电信,3,21
1591227420,3,2000,1,ios,移动,5,268
1591227420,3,2000,0,webh5,移动,0,5
1591227420,3,4000,1,adr,海外,0,3
1591227420,3,500,0,pc_exe,电信,0,13
1591227420,3,500,1,pc_exe,联通,0,9
1591227420,3,2000,0,ios,移动,0,3
1591227420,5,500,1,adr,移动,1,50
1591227420,3,2000,1,webh5,移动,0,81
1591227420,5,500,0,adr,电信,0,12
1591227420,5,2000,0,adr_tv,联通,0,6
1591227420,5,4000,1,adr,移动,0,109
1591227420,3,500,0,ipad,电信,0,7
1591227420,5,0,0,adr_tv,联通,1,10
1591227420,5,2000,1,webh5,电信,0,1
1591227420,5,4000,1,webh5,联通,0,6
1591227420,5,2000,1,ios,电信,2,78
1591227420,5,4000,1,pc_exe,小运营商,0,3
1591227420,3,4000,1,pc_exe,电信,2,397
1591227420,3,2000,0,pc_exe,移动,0,24
1591227420,5,4000,0,pc_exe,电信,0,11
1591227420,5,4000,1,pc_exe,联通,0,12
1591227420,5,4000,0,ios,联通,0,9
1591227420,3,2000,1,adr,联通,4,424
1591227420,3,2000,0,ipad,移动,0,6
1591227420,3,2000,1,ipad,电信,1,208
1591227420,3,500,0,web,联通,0,5
1591227420,3,500,0,webh5,联通,0,2
1591227420,3,0,0,adr,联通,0,5
1591227420,5,2000,1,adr,电信,1,150
1591227420,3,4000,1,ipad,联通,0,3
1591227420,3,500,0,webh5,电信,0,6
1591227420,3,0,0,adr_tv,小运营商,0,6
1591227420,3,2000,1,ipad,移动,1,102
1591227420,3,500,1,webh5,联通,0,64
1591227420,5,0,0,adr,联通,0,9
1591227420,3,2000,0,adr,联通,0,18
1591227420,5,500,1,adr,小运营商,0,1
1591227420,3,2000,0,pc_exe,电信,0,25
1591227420,5,4000,1,ios,联通,3,40
1591227420,3,2000,0,adr_tv,小运营商,2,5
1591227420,3,500,1,adr,移动,5,373
1591227420,3,2000,0,ipad,联通,0,6
1591227420,3,500,1,gamelive,电信,0,3
1591227420,3,500,1,webh5,海外,0,3
1591227420,5,4000,1,pc_exe,电信,0,60
1591227420,5,2000,1,ipad,联通,0,21
1591227420,3,2000,0,ios,电信,0,4
1591227420,3,500,1,adr,联通,0,188
1591227420,3,0,0,adr_tv,联通,3,91
1591227420,3,4000,1,pc_exe,联通,1,162
1591227420,3,500,0,pc_exe,移动,0,13
1591227420,3,500,1,ipad,联通,0,9
1591227420,3,4000,0,adr_tv,电信,3,16
1591227420,5,2000,1,ipad,移动,0,9
1591227420,3,4000,0,web,电信,0,15
1591227420,5,2000,1,webh5,联通,0,6
1591227420,5,500,1,webh5,联通,0,6
1591227420,5,2000,1,webh5,教育网,0,3
1591227420,5,4000,1,ios,移动,2,58
1591227420,5,2000,0,webh5,移动,0,3
1591227420,3,2000,1,ipad,海外,0,6
1591227420,5,2000,1,webh5,移动,0,5
1591227420,5,2000,1,ios,移动,1,34
1591227420,3,4000,1,ios,联通,2,148
1591227420,3,2000,0,adr_tv,电信,1,92
1591227420,3,4000,1,webh5,海外,1,9
1591227420,5,2000,0,ios,移动,0,3
1591227420,5,4000,1,ios,电信,3,64
1591227420,3,4000,0,web,移动,0,5
1591227420,3,2000,0,ios,联通,0,11
1591227420,3,500,0,ipad,移动,0,7
1591227420,3,4000,1,pc_exe,移动,7,189
1591227420,3,500,0,ios,小运营商,0,3
1591227420,3,2000,1,pc_exe,联通,0,36
1591227420,3,2000,1,adr,小运营商,0,37
1591227420,5,500,0,pc_exe,电信,0,3
1591227420,3,500,1,ios,移动,4,124
1591227420,5,0,0,adr_tv,小运营商,2,3
1591227420,5,500,0,adr,联通,2,150
1591227420,3,4000,0,ios,电信,0,3
1591227420,5,2000,1,ios,联通,2,36
1591227420,3,2000,1,ipad,小运营商,0,30
1591227420,3,0,0,adr,电信,7,19
1591227420,3,2000,0,web,电信,0,3
1591227420,3,500,0,pc_exe,海外,0,3
1591227420,3,2000,0,adr,小运营商,0,3
1591227420,3,2000,0,pc_exe,小运营商,0,6
1591227420,3,2000,1,ipad,联通,0,66
1591227420,5,500,0,adr,移动,0,18
1591227420,3,4000,1,ipad,电信,0,6
1591227420,3,500,0,adr_tv,移动,0,3
1591227420,5,4000,1,adr,电信,2,197
1591227420,3,4000,1,adr,移动,1,514
1591227420,3,500,0,adr,电信,0,9
1591227420,3,2000,1,ios,海外,0,10
1591227420,5,2000,1,adr,联通,1,90
1591227420,3,2000,0,adr_tv,移动,3,77
1591227420,3,500,0,adr,联通,0,12
1591227420,5,2000,0,adr,移动,0,21
1591227420,3,4000,0,pc_exe,电信,5,291
1591227420,5,0,0,adr_tv,移动,3,12
1591227420,3,4000,1,ipad,小运营商,0,3
1591227420,3,2000,1,adr,移动,6,682
1591227420,5,0,1,ipad,移动,0,1
1591227420,5,4000,1,webh5,电信,0,33
1591227420,5,500,0,ios,联通,0,41
1591227420,5,500,1,adr,联通,0,47
1591227420,3,4000,0,web,联通,0,6
1591227420,3,4000,0,webh5,联通,0,3
1591227420,3,2000,0,webh5,电信,0,6
1591227420,3,0,0,adr,移动,0,8
1591227420,3,500,1,ios,小运营商,1,7
1591227420,3,4000,0,pc_exe,联通,4,120
1591227420,5,2000,1,pc_exe,移动,0,6
1591227420,5,4000,1,adr,小运营商,0,12
1591227420,5,2000,0,ipad,移动,0,3
1591227420,3,4000,1,ios,海外,0,7
1591227420,3,2000,1,ios,电信,6,287
1591227420,5,2000,0,pc_exe,移动,0,3
1591227420,3,500,1,pc_exe,电信,0,18
1591227420,3,0,0,adr_tv,电信,5,167
1591227420,3,2000,1,webh5,小运营商,0,29
1591227420,3,4000,1,webh5,小运营商,0,30
1591227420,3,2000,1,pc_exe,小运营商,1,6
1591227420,5,2000,1,adr,移动,1,139
1591227420,3,4000,1,adr,联通,1,281
1591227420,5,4000,1,ios,小运营商,0,13
1591227420,5,4000,0,adr,联通,0,3
1591227420,5,2000,1,ipad,小运营商,0,1
1591227420,3,500,0,ios,移动,0,3
1591227420,3,4000,1,pc_exe,小运营商,1,10
1591227420,3,2000,1,ios,联通,3,174
1591227420,5,500,1,ios,海外,1,6
1591227420,3,500,1,webh5,电信,0,273
1591227420,5,4000,1,pc_exe,移动,0,18
1591227420,5,2000,0,adr,电信,2,21
1591227420,3,2000,1,pc_exe,电信,3,126
1591227420,3,0,0,adr_tv,移动,6,105
1591227420,3,2000,0,web,联通,0,6
1591227420,5,2000,0,ios,联通,0,58
1591227420,3,500,1,adr,电信,7,275
1591227420,3,2000,0,pc_exe,联通,0,25
1591227420,3,2000,0,ipad,电信,0,3
1591227420,3,500,0,ipad,联通,1,3
1591227420,3,4000,1,ios,电信,4,441
1591227420,3,500,1,webh5,移动,0,37
1591227420,5,0,0,adr,移动,0,2
1591227420,3,2000,1,adr,电信,5,711
1591227420,3,2000,1,ios,小运营商,0,9
1591227420,3,500,0,adr_tv,电信,0,12
1591227420,3,4000,1,adr,小运营商,0,31
1591227420,5,2000,1,webh5,海外,0,3
1591227420,5,2000,1,ipad,电信,1,21
1591227420,3,500,1,adr,小运营商,0,30
1591227420,5,500,1,ios,移动,1,40
1591227420,3,4000,1,webh5,电信,2,1008
1591227420,3,4000,1,webh5,移动,0,205
1591227420,3,4000,0,webh5,电信,0,17
1591227420,3,500,0,pc_exe,小运营商,0,6
1591227420,3,500,1,ios,电信,3,140
1591227420,3,4000,1,pc_exe,海外,0,13
1591227420,3,4000,0,pc_exe,小运营商,0,14
1591227420,5,2000,0,pc_exe,电信,0,3
1591227420,3,500,0,web,电信,0,9
1591227480,3,500,0,ios,移动,1,3
1591227480,3,500,0,web,电信,3,9
1591227480,3,4000,0,pc_exe,联通,16,126
1591227480,5,4000,0,ios,电信,0,3
1591227480,3,2000,0,ios,电信,1,3
1591227480,3,4000,1,webh5,联通,0,324
1591227480,3,2000,1,ios,联通,38,165
1591227480,3,2000,1,ipad,电信,64,200
1591227480,3,500,0,pc_exe,联通,0,2
1591227480,3,2000,0,webh5,移动,0,6
1591227480,5,2000,1,webh5,教育网,0,3
1591227480,5,4000,1,ios,联通,2,45
1591227480,3,500,1,ipad,联通,3,9
1591227480,3,2000,1,ipad,移动,32,100
1591227480,3,500,1,adr,海外,4,11
1591227480,3,4000,1,ipad,联通,0,3
1591227480,3,0,0,adr,小运营商,0,3
1591227480,5,500,1,ipad,电信,2,6
1591227480,3,2000,1,adr,小运营商,11,36
1591227480,5,0,0,adr_tv,电信,0,24
1591227480,5,500,1,ios,移动,4,28
1591227480,3,500,1,gamelive,电信,1,3
1591227480,3,500,1,adr,电信,87,262
1591227480,5,4000,1,ios,小运营商,0,12
1591227480,3,4000,1,webh5,电信,1,1003
1591227480,3,4000,1,adr,联通,1,270
1591227480,3,500,1,ipad,小运营商,1,3
1591227480,3,4000,1,webh5,移动,0,206
1591227480,3,500,1,pc_exe,移动,6,19
1591227480,3,4000,1,pc_exe,小运营商,4,12
1591227480,3,2000,1,pc_exe,联通,12,33
1591227480,3,500,1,adr,小运营商,9,29
1591227480,5,2000,1,webh5,移动,0,6
1591227480,3,4000,1,adr,电信,3,630
1591227480,5,2000,0,adr,小运营商,1,3
1591227480,5,500,0,adr,电信,6,12
1591227480,3,500,0,adr,移动,2,6
1591227480,3,500,0,ios,小运营商,0,3
1591227480,3,4000,1,pc_exe,海外,3,11
1591227480,3,4000,1,adr,海外,0,3
1591227480,3,2000,1,ios,移动,43,256
1591227480,3,0,0,adr,联通,0,3
1591227480,5,2000,1,pc_exe,移动,1,4
1591227480,5,500,1,adr,移动,16,47
1591227480,5,2000,0,adr_tv,移动,3,9
1591227480,5,500,1,ios,联通,4,17
1591227480,3,500,1,webh5,联通,0,63
1591227480,3,4000,0,web,电信,0,13
1591227480,3,0,0,adr_tv,移动,6,103
1591227480,3,2000,1,adr,联通,132,405
1591227480,5,4000,1,ios,移动,1,53
1591227480,3,4000,1,webh5,小运营商,0,30
1591227480,3,2000,1,webh5,电信,3,323
1591227480,5,2000,1,ipad,联通,8,21
1591227480,3,500,1,webh5,小运营商,0,11
1591227480,3,500,0,ios,联通,2,6
1591227480,5,4000,0,pc_exe,移动,0,1
1591227480,3,500,0,webh5,小运营商,0,1
1591227480,3,500,1,gamelive,联通,1,3
1591227480,5,4000,0,adr_tv,电信,2,3
1591227480,3,2000,1,adr,电信,232,701
1591227480,5,2000,0,pc_exe,电信,0,3
1591227480,5,2000,0,adr_tv,联通,2,6
1591227480,3,500,0,ipad,电信,1,6
1591227480,5,2000,1,ios,电信,12,72
1591227480,3,2000,0,ipad,联通,1,6
1591227480,5,2000,0,adr,联通,80,238
1591227480,5,2000,1,webh5,联通,0,6
1591227480,3,500,1,webh5,海外,0,3
1591227480,3,4000,1,pc_exe,移动,67,189
1591227480,3,0,0,adr,电信,3,23
1591227480,5,4000,1,adr,移动,0,107
1591227480,5,4000,1,pc_exe,未知,1,2
1591227480,5,2000,0,ipad,移动,0,3
1591227480,3,500,1,pc_exe,电信,6,18
1591227480,5,500,0,pc_exe,移动,0,3
1591227480,5,2000,0,ios,移动,1,3
1591227480,3,4000,1,ipad,小运营商,0,3
1591227480,3,4000,1,webh5,海外,0,8
1591227480,3,2000,1,pc_exe,电信,50,126
1591227480,3,500,0,web,移动,0,3
1591227480,5,2000,0,ios,联通,21,62
1591227480,3,2000,1,ipad,联通,18,65
1591227480,3,2000,0,pc_exe,小运营商,1,6
1591227480,3,500,0,adr_tv,电信,4,12
1591227480,5,2000,1,ios,移动,4,37
1591227480,3,2000,0,web,电信,0,3
1591227480,3,2000,0,ios,移动,1,3
1591227480,3,4000,1,ipad,电信,0,6
1591227480,3,4000,0,pc_exe,移动,10,69
1591227480,3,500,0,webh5,电信,0,8
1591227480,5,2000,1,pc_exe,联通,1,3
1591227480,5,500,1,webh5,联通,0,6
1591227480,3,500,1,ios,联通,12,42
1591227480,5,4000,1,pc_exe,移动,7,21
1591227480,3,2000,0,adr_tv,小运营商,3,5
1591227480,3,500,0,adr,电信,3,9
1591227480,3,2000,1,ios,海外,3,9
1591227480,3,2000,0,adr,小运营商,1,3
1591227480,3,4000,1,adr,移动,5,475
1591227480,3,2000,0,pc_exe,联通,5,24
1591227480,3,2000,0,pc_exe,电信,6,29
1591227480,3,4000,1,ios,小运营商,0,18
1591227480,3,500,0,webh5,联通,0,2
1591227480,3,4000,0,pc_exe,教育网,0,1
1591227480,3,4000,1,ios,联通,1,137
1591227480,3,500,1,ipad,电信,4,16
1591227480,5,2000,1,adr,电信,48,143
1591227480,5,500,1,adr,海外,2,3
1591227480,5,2000,0,ios,电信,0,6
1591227480,5,2000,0,webh5,移动,0,3
1591227480,3,2000,1,webh5,移动,0,80
1591227480,5,500,0,ios,联通,9,38
1591227480,3,4000,0,adr_tv,电信,1,15
1591227480,3,2000,1,ios,电信,69,288
1591227480,3,500,0,adr,联通,2,9
1591227480,3,2000,0,adr_tv,电信,28,91
1591227480,3,500,0,pc_exe,移动,3,16
1591227480,5,4000,0,ios,联通,0,9
1591227480,3,500,0,web,联通,1,6
1591227480,3,4000,0,pc_exe,小运营商,1,11
1591227480,3,4000,0,web,联通,0,6
1591227480,3,500,1,ios,小运营商,2,6
1591227480,3,2000,0,ipad,移动,2,8
1591227480,3,500,0,ipad,移动,1,5
1591227480,5,2000,1,ipad,移动,3,10
1591227480,5,500,1,ios,海外,3,6
1591227480,5,2000,0,adr,电信,7,20
1591227480,5,4000,0,pc_exe,未知,0,1
1591227480,3,0,0,adr_tv,电信,13,168
1591227480,3,4000,1,ios,海外,0,8
1591227480,3,4000,0,ios,电信,0,3
1591227480,3,4000,0,webh5,移动,0,1
1591227480,3,500,1,ios,移动,25,125
1591227480,3,500,0,adr_tv,移动,2,5
1591227480,5,500,1,ipad,联通,1,3
1591227480,3,2000,0,ios,联通,2,9
1591227480,3,0,1,ipad,电信,0,2
1591227480,5,2000,1,ios,小运营商,2,8
1591227480,5,2000,0,pc_exe,移动,0,5
1591227480,3,0,0,adr,移动,0,6
1591227480,3,4000,1,pc_exe,联通,53,160
1591227480,5,500,1,ios,电信,4,22
1591227480,3,2000,0,ipad,电信,0,3
1591227480,3,2000,1,pc_exe,小运营商,2,6
1591227480,5,4000,0,adr_tv,移动,0,6
1591227480,5,500,0,pc_exe,电信,1,3
1591227480,3,0,0,adr_tv,联通,3,92
1591227480,3,0,0,adr_tv,小运营商,0,6
1591227480,5,4000,1,webh5,电信,0,34
1591227480,5,500,1,adr,电信,14,38
1591227480,3,500,0,adr_tv,联通,3,11
1591227480,5,4000,1,adr,联通,0,90
1591227480,5,2000,1,adr,小运营商,4,12
1591227480,5,4000,1,pc_exe,小运营商,1,3
1591227480,5,2000,1,pc_exe,电信,1,3
1591227480,3,2000,1,ipad,小运营商,10,29
1591227480,3,4000,1,adr,小运营商,0,33
1591227480,3,2000,0,adr,移动,5,18
1591227480,3,4000,1,pc_exe,电信,128,392
1591227480,3,500,1,ipad,移动,3,9
1591227480,3,2000,1,webh5,小运营商,0,28
1591227480,5,4000,0,adr,联通,0,3
1591227480,3,2000,1,adr,移动,224,676
1591227480,3,4000,0,pc_exe,电信,37,346
1591227480,3,500,1,adr,联通,57,175
1591227480,3,500,1,webh5,电信,0,271
1591227480,5,4000,1,webh5,联通,0,6
1591227480,3,2000,0,adr_tv,移动,25,75
1591227480,3,4000,0,webh5,联通,1,4
1591227480,5,2000,0,adr,移动,6,19
1591227480,3,500,0,pc_exe,电信,2,13
1591227480,5,0,0,adr_tv,联通,0,9
1591227480,3,500,0,pc_exe,小运营商,2,6
1591227480,5,2000,1,adr,移动,38,130
1591227480,3,4000,0,adr_tv,移动,1,17
1591227480,3,2000,0,adr,电信,5,9
1591227480,3,500,1,webh5,移动,0,38
1591227480,3,500,1,ios,海外,1,5
1591227480,3,2000,1,ios,小运营商,0,6
1591227480,3,500,1,ios,电信,29,147
1591227480,3,4000,1,ios,电信,3,422
1591227480,5,4000,0,pc_exe,电信,1,14
1591227480,5,4000,1,pc_exe,联通,5,29
1591227480,5,2000,0,adr_tv,电信,7,17
1591227480,3,500,0,ipad,联通,1,3
1591227480,3,2000,0,ios,小运营商,0,11
1591227480,3,2000,0,pc_exe,移动,3,25
1591227480,5,2000,1,ipad,电信,8,22
1591227480,3,2000,1,adr,海外,5,18
1591227480,5,4000,1,adr,小运营商,0,13
1591227480,3,2000,0,adr_tv,联通,13,38
1591227480,3,4000,1,ios,移动,4,159
1591227480,3,2000,1,pc_exe,移动,13,36
1591227480,5,4000,1,ios,电信,2,50
1591227480,3,4000,0,web,移动,0,6
1591227480,5,4000,1,pc_exe,电信,17,56
1591227480,5,4000,0,pc_exe,联通,2,11
1591227480,5,500,1,adr,联通,13,42
1591227480,5,500,1,webh5,电信,0,3
1591227480,3,500,1,pc_exe,联通,3,9
1591227480,5,4000,1,adr,电信,1,178
1591227480,3,2000,0,web,联通,2,6
1591227480,3,2000,0,webh5,电信,0,7
1591227480,5,0,0,adr_tv,移动,4,12
1591227480,5,2000,1,adr,联通,28,89
1591227480,5,4000,0,pc_exe,小运营商,0,3
1591227480,5,2000,1,webh5,电信,0,1
1591227480,3,2000,0,adr,联通,6,18
1591227480,3,4000,0,webh5,电信,0,15
1591227480,3,500,0,pc_exe,海外,0,3
1591227480,5,0,0,adr,联通,0,8
1591227480,5,500,1,adr,小运营商,1,3
1591227480,3,2000,1,ipad,海外,4,6
1591227480,5,2000,1,ipad,小运营商,1,3
1591227480,5,0,0,adr_tv,小运营商,1,3
1591227480,3,500,1,adr,移动,114,347
1591227480,5,2000,1,ios,联通,4,23
1591227480,5,500,0,adr,移动,8,20
1591227480,5,500,0,adr,联通,39,128
1591227480,3,2000,1,webh5,联通,0,92
1591227480,5,2000,1,webh5,海外,0,3
1591227540,5,0,0,adr,联通,0,1
1591227540,3,4000,1,pc_exe,电信,0,11
1591227540,5,2000,0,ios,联通,0,1
1591227540,3,4000,1,adr,移动,0,11
1591227540,3,4000,0,pc_exe,移动,0,2
1591227540,5,500,0,ios,联通,0,1
1591227540,3,4000,1,ios,移动,0,3
1591227540,5,4000,1,ios,移动,0,1
1591227540,5,4000,1,pc_exe,小运营商,0,1
1591227540,3,4000,1,adr,小运营商,0,1
1591227540,3,2000,1,pc_exe,电信,0,1
1591227540,3,4000,1,ios,海外,0,1
1591227540,3,4000,1,ipad,电信,0,1
1591227540,3,4000,1,pc_exe,移动,0,4
1591227540,5,500,1,ios,移动,0,1
1591227540,3,2000,1,adr,移动,0,9
1591227540,3,500,1,pc_exe,移动,0,1
1591227540,5,2000,0,pc_exe,电信,1,1
1591227540,3,2000,1,adr,电信,0,11
1591227540,3,0,0,adr,移动,0,1
1591227540,3,500,1,ios,电信,0,2
1591227540,3,2000,1,ipad,联通,0,2
1591227540,3,4000,1,pc_exe,联通,0,1
1591227540,5,500,0,adr,联通,0,1
1591227540,3,500,0,pc_exe,移动,0,1
1591227540,3,2000,1,pc_exe,联通,0,1
1591227540,3,500,1,adr,联通,0,3
1591227540,3,4000,0,pc_exe,联通,0,2
1591227540,3,500,1,ios,移动,0,1
1591227540,3,0,0,adr_tv,小运营商,0,1
1591227540,3,2000,0,adr_tv,电信,0,3
1591227540,3,4000,1,adr,电信,0,13
1591227540,5,2000,1,ipad,电信,0,1
1591227540,5,2000,0,adr_tv,电信,1,1
1591227540,5,2000,1,webh5,海外,0,1
1591227540,3,500,0,web,联通,0,1
1591227540,5,4000,1,adr,电信,0,2
1591227540,3,500,1,adr,电信,1,3
1591227540,3,4000,1,webh5,电信,0,18
1591227540,3,0,0,adr_tv,移动,0,1
1591227540,3,4000,1,webh5,联通,0,3
1591227540,3,2000,1,ios,电信,0,4
1591227540,3,500,0,ipad,移动,0,1
1591227540,3,2000,1,webh5,电信,0,8
1591227540,5,4000,1,pc_exe,电信,0,1
1591227540,3,4000,0,pc_exe,电信,1,6
1591227540,3,2000,1,ios,移动,1,5
1591227540,5,4000,1,adr,移动,0,2
1591227540,5,2000,0,adr,联通,0,5
1591227540,3,0,0,adr_tv,联通,0,3
1591227540,3,4000,1,ios,电信,0,6
1591227540,5,500,1,ios,海外,1,1
1591227540,3,2000,0,adr_tv,联通,0,1
1591227540,3,2000,1,webh5,联通,0,2
1591227540,5,2000,1,adr,电信,0,2
1591227540,3,500,1,gamelive,联通,0,1
1591227540,3,2000,1,ipad,电信,0,2
1591227540,5,2000,1,adr,联通,0,2
1591227540,3,500,1,ios,联通,0,1
1591227540,5,4000,1,ios,联通,0,1
1591227540,5,2000,1,ios,移动,0,2
1591227540,3,4000,0,webh5,电信,0,1
1591227540,5,4000,1,adr,联通,0,1
1591227540,3,500,1,adr,移动,0,8
1591227540,3,0,0,adr_tv,电信,0,3
1591227540,3,2000,1,adr,联通,0,9
1591227540,3,2000,1,webh5,移动,0,2
1591227540,3,4000,1,webh5,移动,0,4
1591227540,3,4000,1,adr,联通,0,2
1591227540,3,2000,1,ios,联通,0,3
1591227540,3,4000,1,ios,联通,0,1
1591227540,5,2000,1,adr,移动,0,1
1591227540,5,2000,1,ipad,移动,0,1
1591227540,5,4000,0,pc_exe,电信,0,1
